Product_ID,Category,Title,Price,Material,Cost
B07JW9H4J1,USBCables,Wayona Nylon Braided USB to,399,campaign,279.29999999999995
B098NS6PVG,USBCables,Ambrane Unbreakable 60W / 3A,199,campaign,139.29999999999998
B096MSW6CT,USBCables,Sounce Fast Phone Charging Cable,199,campaign,139.29999999999998
B08HDJ86NZ,USBCables,boAt Deuce USB 300 2,329,campaign,230.3
B08CF3B7N1,USBCables,Portronics Konnect L 1.2M Fast,154,campaign,107.8
B08Y1TFSP6,USBCables,pTron Solero TB301 3A Type-C,149,campaign,104.3
B08WRWPM22,USBCables,"boAt Micro USB 55 Tangle-free,",17663,campaign,123.641
B08DDRGWTJ,USBCables,MI Usb Type-C Cable Smartphone,229,campaign,160.29999999999998
B008IFXQFU,WirelessUSBAdapters,TP-Link USB WiFi Adapter for,499,campaign,349.29999999999995
B082LZGK39,USBCables,Ambrane Unbreakable 60W / 3A,199,campaign,139.29999999999998
B08CF3D7QR,USBCables,Portronics Konnect L POR-1081 Fast,154,campaign,107.8
B0789LZTCJ,USBCables,boAt Rugged v3 Extra Tough,299,campaign,209.3
B07KSMBL2H,HDMICables,AmazonBasics Flexible Premium HDMI Cable,219,campaign,153.29999999999998
B085DTN6R2,USBCables,Portronics Konnect CL 20W POR-1067,350,campaign,245.0
B09KLVMZ3B,USBCables,Portronics Konnect L 1.2M POR-1401,159,campaign,111.3
B083342NKJ,USBCables,MI Braided USB Type-C Cable,349,campaign,244.3
B0B6F7LX4C,SmartTelevisions,MI 80 cm (32 inches),13999,campaign,9799.3
B082LSVT4B,USBCables,Ambrane Unbreakable 60W / 3A,249,campaign,174.29999999999998
B08WRBG3XW,USBCables,"boAt Type C A325 Tangle-free,",199,campaign,139.29999999999998
B08DPLCM6T,SmartTelevisions,LG 80 cm (32 inches),13490,campaign,9443.0
B09C6HXFC1,USBCables,Duracell USB Lightning Apple Certified,970,campaign,679.0
B085194JFL,HDMICables,tizum HDMI to VGA Adapter,279,campaign,195.3
B09F6S8BT6,SmartTelevisions,Samsung 80 cm (32 Inches),13490,campaign,9443.0
B09NHVCHS9,USBCables,Flix Micro Usb Cable For,59,campaign,41.3
B0B1YVCJ2Y,SmartTelevisions,Acer 80 cm (32 inches),11499,campaign,8049.299999999999
B01M4GGIVU,HDMICables,Tizum High Speed HDMI Cable,199,campaign,139.29999999999998
B08B42LWKN,SmartTelevisions,OnePlus 80 cm (32 inches),14999,campaign,10499.3
B094JNXNPV,USBCables,Ambrane Unbreakable 3 in 1,299,campaign,209.3
B09W5XR9RT,USBCables,Duracell USB C To Lightning,970,campaign,679.0
B077Z65HSD,USBCables,boAt A400 USB Type-C to,299,campaign,209.3
B00NH11PEY,USBCables,AmazonBasics USB 2.0 - A-Male,199,campaign,139.29999999999998
B09CMM3VGK,USBCables,Ambrane 60W / 3A Type,179,campaign,125.3
B08QSC1XY8,USBCables,Zoul USB C 60W Fast,389,campaign,272.29999999999995
B008FWZGSG,USBCables,Samsung Original Type C to,599,campaign,419.3
B0B4HJNPV4,USBCables,pTron Solero T351 3.5Amps Fast,199,campaign,139.29999999999998
B08Y1SJVV5,USBCables,pTron Solero MB301 3A Micro,99,campaign,69.3
B07XLCFSSN,USBCables,Amazonbasics Nylon Braided Usb-C To,899,campaign,629.3
B09RZS1NQT,USBCables,Sounce 65W OnePlus Dash Warp,199,campaign,139.29999999999998
B0B3MMYHYW,SmartTelevisions,OnePlus 126 cm (50 inches),32999,campaign,23099.3
B09C6HWG18,USBCables,Duracell Type C To Type,970,campaign,679.0
B00NH11KIK,USBCables,AmazonBasics USB 2.0 Cable -,209,campaign,146.29999999999998
B09JPC82QC,SmartTelevisions,Mi 108 cm (43 inches),19999,campaign,13999.3
B07JW1Y6XV,USBCables,Wayona Nylon Braided 3A Lightning,399,campaign,279.29999999999995
B07KRCW6LZ,WirelessUSBAdapters,TP-Link Nano AC600 USB Wi-Fi,999,campaign,699.3
B09NJN8L25,USBCables,FLiX (Beetel USB to Micro,59,campaign,41.3
B07XJYYH7L,USBCables,Wecool Nylon Braided Multifunction Fast,333,campaign,233.1
B002PD61Y4,WirelessUSBAdapters,D-Link DWA-131 300 Mbps Wireless,507,campaign,354.9
B014I8SSD0,HDMICables,"Amazon Basics High-Speed HDMI Cable,",309,campaign,216.3
B09L8DSSFH,RemoteControls,7SEVEN® Compatible for Samsung Smart,399,campaign,279.29999999999995
B07232M876,USBCables,Amazonbasics Micro Usb Fast Charging,199,campaign,139.29999999999998
B07P681N66,WirelessUSBAdapters,TP-Link AC600 600 Mbps WiFi,1199,campaign,839.3
B0711PVX6Z,USBCables,AmazonBasics Micro USB Fast Charging,179,campaign,125.3
B082T6V3DT,USBCables,AmazonBasics New Release Nylon USB-A,799,campaign,559.3
B07MKFNHKG,StandardTelevisions,VW 80 cm (32 inches),6999,campaign,4899.299999999999
B0BFWGBX61,USBCables,Ambrane Unbreakable 3A Fast Charging,199,campaign,139.29999999999998
B01N90RZ4M,RemoteControls,Tata Sky Universal Remote,230,campaign,161.0
B0088TKTY2,WirelessUSBAdapters,TP-LINK WiFi Dongle 300 Mbps,649,campaign,454.3
B09Q5SWVBJ,SmartTelevisions,OnePlus 80 cm (32 inches),15999,campaign,11199.3
B0B4DT8MKT,USBCables,Wecool Unbreakable 3 in 1,348,campaign,243.6
B08CDKQ8T6,USBCables,"Portronics Konnect L 1.2Mtr, Fast",154,campaign,107.8
B07B275VN9,RemoteControls,"Airtel DigitalTV DTH Television, Setup",179,campaign,125.3
B0B15CPR37,SmartTelevisions,Samsung 108 cm (43 inches),32990,campaign,23093.0
B0994GFWBH,USBCables,Lapster 1.5 mtr USB 2.0,139,campaign,97.3
B01GGKZ0V6,USBCables,AmazonBasics USB Type-C to USB,329,campaign,230.3
B09F9YQQ7B,SmartTelevisions,Redmi 80 cm (32 inches),13999,campaign,9799.3
B014I8SX4Y,HDMICables,"Amazon Basics High-Speed HDMI Cable,",309,campaign,216.3
B09Q8HMKZX,USBCables,Portronics Konnect L 20W PD,263,campaign,184.1
B0B9XN9S3W,StandardTelevisions,Acer 80 cm (32 inches),7999,campaign,5599.299999999999
B07966M8XH,TVWall&CeilingMounts,Model-P4 6 Way Swivel Tilt,1599,campaign,1119.3
B01GGKYKQM,USBCables,Amazon Basics USB Type-C to,219,campaign,153.29999999999998
B0B86CDHL1,USBCables,oraimo 65W Type C to,349,campaign,244.3
B0B5ZF3NRK,USBCables,CEDO 65W OnePlus Dash Warp,349,campaign,244.3
B09RFC46VP,SmartTelevisions,Redmi 108 cm (43 inches),26999,campaign,18899.3
B08R69VDHT,USBCables,Pinnaclz Original Combo of 2,115,campaign,80.5
B09RWZRCP1,USBCables,boAt Type C A750 Stress,399,campaign,279.29999999999995
B09CMP1SC8,USBCables,Ambrane 2 in 1 Type-C,199,campaign,139.29999999999998
B09YLXYP7Y,USBCables,Ambrane 60W / 3A Fast,179,campaign,125.3
B09ZPM4C2C,SmartTelevisions,TCL 80 cm (32 inches),10901,campaign,7630.7
B0B2DJDCPX,USBCables,SWAPKART Fast Charging Cable and,209,campaign,146.29999999999998
B0BCZCQTJX,RemoteControls,Firestick Remote,1434,campaign,1003.8
B07LGT55SJ,USBCables,Wayona Usb Nylon Braided Data,399,campaign,279.29999999999995
B09NKZXMWJ,USBCables,Flix (Beetel) Usb To Type,139,campaign,97.3
B08QX1CC14,SmartTelevisions,SKYWALL 81.28 cm (32 inches),7299,campaign,5109.299999999999
B0974H97TJ,USBCables,boAt A 350 Type C,299,campaign,209.3
B07GVGTSLN,USBCables,Wayona Usb Type C Fast,325,campaign,227.5
B09VCHLSJF,SmartTelevisions,OnePlus 108 cm (43 inches),29999,campaign,20999.3
B0B1YZX72F,SmartTelevisions,Acer 127 cm (50 inches),27999,campaign,19599.3
B092BJMT8Q,SmartTelevisions,Samsung 108 cm (43 inches),30990,campaign,21693.0
B0BMXMLSMM,USBCables,Lapster 65W compatible for OnePlus,199,campaign,139.29999999999998
B07JH1C41D,USBCables,Wayona Nylon Braided (2 Pack),649,campaign,454.3
B0141EZMAI,WirelessUSBAdapters,Gizga Essentials USB WiFi Adapter,269,campaign,188.3
B09Q5P2MT3,SmartTelevisions,OnePlus 108 cm (43 inches),24999,campaign,17499.3
B08HDH26JX,USBCables,boAt Deuce USB 300 2,299,campaign,209.3
B09VT6JKRP,USBCables,Lapster USB 3.0 A to,199,campaign,139.29999999999998
B09T3KB6JZ,SmartTelevisions,TCL 100 cm (40 inches),18990,campaign,13293.0
B093QCY6YJ,WirelessUSBAdapters,ZEBRONICS ZEB-USB150WF1 WiFi USB Mini,290,campaign,203.0
B093ZNQZ2Y,RemoteControls,LOHAYA Remote Compatible for Mi,249,campaign,174.29999999999998
B08LKS3LSP,USBCables,"Gilary Multi Charging Cable, 3",345,campaign,241.5
B00V4BGDKU,WirelessUSBAdapters,TP-Link UE300 USB 3.0 to,1099,campaign,769.3
B08CHKQ8D4,USBCables,Wayona Type C to Lightning,719,campaign,503.3
B09BW334ML,RemoteControls,Dealfreez Case Compatible with Fire,349,campaign,244.3
B082T6GVLJ,USBCables,Amazon Basics New Release Nylon,849,campaign,594.3
B07DL1KC3H,RemoteControls,Isoelite Remote Compatible for Samsung,299,campaign,209.3
B0B6F98KJJ,SmartTelevisions,MI 100 cm (40 inches),21999,campaign,15399.3
B07JNVF678,USBCables,Wayona Nylon Braided USB Data,349,campaign,244.3
B09QGZFBPM,USBCables,Wayona Type C To Type,399,campaign,279.29999999999995
B07JGDB5M1,USBCables,Wayona Nylon Braided 2M /,449,campaign,314.29999999999995
B0981XSZJ7,USBCables,CROSSVOLT Compatible Dash/Warp Data Sync,299,campaign,209.3
B0B9XLX8VR,SmartTelevisions,VU 139 cm (55 inches),37999,campaign,26599.3
B08Y5KXR6Z,USBCables,PTron Solero T241 2.4A Type-C,99,campaign,69.3
B09F6VHQXB,StandardTelevisions,Croma 80 cm (32 Inches),7390,campaign,5173.0
B0974G5Q2Y,USBCables,"boAt Laptop, Smartphone Type-c A400",27310,campaign,191.17
B09YL9SN9B,SmartTelevisions,LG 80 cm (32 inches),15990,campaign,11193.0
B09RX1FK54,USBCables,boAt Type C A750 Stress,399,campaign,279.29999999999995
B09TT6BFDX,RemoteControls,Cotbolt Silicone Protective Case Cover,399,campaign,279.29999999999995
B09KH58JZR,USBCables,Portronics Konnect L POR-1403 Fast,210,campaign,147.0
B09DDCQFMT,RemoteControls,Electvision Remote Control Compatible with,1299,campaign,909.3
B08RP2L2NL,USBCables,King Shine Multi Retractable 3.0A,347,campaign,242.9
B0B4G2MWSB,USBCables,Lapster 5 pin mini usb,149,campaign,104.3
B0B21C4BMX,USBCables,Portronics Konnect Spydr 31 3-in-1,228,campaign,159.6
B084MZXJNK,USBCables,Belkin Apple Certified Lightning To,1599,campaign,1119.3
B0BHZCNC4P,RemoteControls,Remote Control Compatible for Amazon,1499,campaign,1049.3
B0B16KD737,SmartTelevisions,VW 80 cm (32 inches),8499,campaign,5949.299999999999
B099K9ZX65,SmartTelevisions,Hisense 108 cm (43 inches),20990,campaign,14692.999999999998
B08Y55LPBF,SmartTelevisions,Redmi 126 cm (50 inches),32999,campaign,23099.3
B015OW3M1W,HDMICables,AmazonBasics 6-Feet DisplayPort (not USB,799,campaign,559.3
B01D5H8ZI8,HDMICables,AmazonBasics 3 Feet High Speed,229,campaign,160.29999999999998
B09X1M3DHX,SmartTelevisions,iFFALCON 80 cm (32 inches),9999,campaign,6999.299999999999
B09MM6P76N,RemoteControls,7SEVEN® Compatible Lg Smart Tv,349,campaign,244.3
B01D5H8LDM,RCACables,AmazonBasics 3.5mm to 2-Male RCA,489,campaign,342.29999999999995
B0B1YY6JJL,SmartTelevisions,Acer 109 cm (43 inches),23999,campaign,16799.3
B09QGZM8QB,USBCables,Wayona Usb Type C 65W,399,campaign,279.29999999999995
B08L4SBJRY,Mounts,Saifsmart Outlet Wall Mount Hanger,349,campaign,244.3
B09X79PP8F,USBCables,MI 2-in-1 USB Type C,179,campaign,125.3
B082T6GVG9,USBCables,AmazonBasics New Release ABS USB-A,689,campaign,482.3
B0B3XY5YT4,SmartTelevisions,LG 108 cm (43 inches),30990,campaign,21693.0
B0B4HKH19N,USBCables,pTron Solero 331 3.4Amps Multifunction,249,campaign,174.29999999999998
B08TGG316Z,HDMICables,"10k 8k 4k HDMI Cable,",999,campaign,699.3
B071VMP1Z4,RemoteControls,LRIPL Compatible Sony Bravia LCD/led,399,campaign,279.29999999999995
B071SDRGWL,USBCables,boAt Type-c A400 Type-c to,349,campaign,244.3
B08PSQRW2T,USBCables,Zoul Type C to Type,399,campaign,279.29999999999995
B0859M539M,WirelessUSBAdapters,TP-LINK AC1300 Archer T3U Plus,1699,campaign,1189.3
B08RX8G496,RemoteControls,LRIPL Mi Remote Control with,655,campaign,458.5
B002SZEOLG,WirelessUSBAdapters,TP-Link Nano USB WiFi Dongle,749,campaign,524.3
B08CS3BT4L,SmartTelevisions,Kodak 80 cm (32 inches),9999,campaign,6999.299999999999
B00RFWNJMC,RemoteControls,Airtel DigitalTV DTH Remote SD/HD/HD,195,campaign,136.5
B082T6GXS5,USBCables,AmazonBasics New Release Nylon USB-A,999,campaign,699.3
B09CMQRQM6,USBCables,Ambrane Fast 100W Output Cable,499,campaign,349.29999999999995
B005LJQMCK,OpticalCables,BlueRigger Digital Optical Audio Toslink,416,campaign,291.2
B09C6H53KH,USBCables,Duracell Type-C To Micro 1.2M,368,campaign,257.6
B0BB3CBFBM,SmartTelevisions,VU 138 cm (55 inches),29990,campaign,20993.0
B08QSDKFGQ,USBCables,Zoul USB Type C Fast,339,campaign,237.3
B08PV1X771,SmartTelevisions,Samsung 80 cm (32 inches),15490,campaign,10843.0
B07YTNKVJQ,USBCables,MI Xiaomi USB Type C,499,campaign,349.29999999999995
B0117H7GZ6,WirelessUSBAdapters,GENERIC Ultra-Mini Bluetooth CSR 4.0,249,campaign,174.29999999999998
B09XJ1LM7R,RemoteControls,7SEVEN® Compatible for Tata Sky,399,campaign,279.29999999999995
B084N133Y7,USBCables,Belkin Apple Certified Lightning To,1499,campaign,1049.3
B088Z1YWBC,Projectors,EGate i9 Pro-Max 1080p Native,9490,campaign,6643.0
B07VSG5SXZ,HDMICables,ZEBRONICS HAA2021 HDMI version 2.1,637,campaign,445.9
B08RWCZ6SY,RemoteControls,7SEVEN® Compatible for Sony Bravia,399,campaign,279.29999999999995
B07KSB1MLX,OpticalCables,AmazonBasics Digital Optical Coax to,1089,campaign,762.3
B081FG1QYX,USBCables,Wayona Type C Cable Nylon,339,campaign,237.3
B08R69WBN7,USBCables,Pinnaclz Original Combo of 2,149,campaign,104.3
B0B3RHX6B6,USBCables,Ambrane BCL-15 Lightning Cable for,149,campaign,104.3
B084N18QZY,USBCables,Belkin USB C to USB-C,599,campaign,419.3
B081NHWT6Z,RemoteControls,LOHAYA Television Remote Compatible with,299,campaign,209.3
B07JPJJZ2H,USBCables,Wayona Nylon Braided Lightning USB,399,campaign,279.29999999999995
B09JKNF147,RemoteControls,Electvision Remote Control Compatible with,339,campaign,237.3
B0B9959XF3,SmartTelevisions,Acer 80 cm (32 inches),12499,campaign,8749.3
B09PNR6F8Q,USBCables,realme 10W Fast Charging Micro-USB,249,campaign,174.29999999999998
B07M69276N,WirelessUSBAdapters,TP-Link AC1300 USB WiFi Adapter,1399,campaign,979.3
B0B1YZ9CB8,SmartTelevisions,Acer 139 cm (55 inches),32999,campaign,23099.3
B09YLYB9PB,USBCables,Ambrane 60W / 3A Fast,149,campaign,104.3
B08CTNJ985,USBCables,Wayona USB Type C 65W,325,campaign,227.5
B0BP7XLX48,USBCables,Syncwire LTG to USB Cable,399,campaign,279.29999999999995
B09LHXNZLR,WirelessUSBAdapters,Skadioo WiFi Adapter for pc,199,campaign,139.29999999999998
B0B3N8VG24,USBCables,FLiX (Beetel USB to Type,88,campaign,61.6
B08PSVBB2X,USBCables,Zoul USB C to USB,399,campaign,279.29999999999995
B0B3MQXNFB,USBCables,FLiX (Beetel Flow USB to,5789,campaign,40.523
B08XMSKKMM,RemoteControls,7SEVEN® Bluetooth Voice Command Remote,799,campaign,559.3
B09L8DT7D6,RemoteControls,Sony TV - Remote Compatible,205,campaign,143.5
B00GE55L22,USBCables,Storite USB 3.0 Cable A,299,campaign,209.3
B0162K34H2,USBCables,boAt LTG 500 Apple MFI,849,campaign,594.3
B0B8SRZ5SV,USBCables,AmazonBasics USB C to Lightning,949,campaign,664.3
B07CWNJLPC,USBCables,AmazonBasics Double Braided Nylon USB,499,campaign,349.29999999999995
B00NH12R1O,USBCables,Amazon Basics USB 3.0 Cable,299,campaign,209.3
B0B8SSC5D9,USBCables,AmazonBasics USB C to Lightning,949,campaign,664.3
B08WKG2MWT,USBCables,Wayona Usb C 65W Fast,379,campaign,265.3
B0B466C3G4,SmartTelevisions,Karbonn 80 cm (32 inches),8990,campaign,6293.0
B005LJQMZC,OpticalCables,BlueRigger Digital Optical Audio Toslink,486,campaign,340.2
B07MDRGHWQ,StandardTelevisions,VW 60 cm (24 inches),5699,campaign,3989.3
B07DC4RZPY,USBCables,Amazon Basics USB A to,709,campaign,496.3
B0B15GSPQW,SmartTelevisions,Samsung 138 cm (55 inches),47990,campaign,33593.0
B08GJNM9N7,RemoteControls,LOHAYA Television Remote Compatible for,299,campaign,209.3
B09C6FML9B,USBCables,Duracell Micro USB 3A Braided,320,campaign,224.0
B0B65MJ45G,USBCables,Zebronics CU3100V Fast charging Type,139,campaign,97.3
B08P9RYPLR,USBCables,FLiX (Beetel) USB to iPhone,129,campaign,90.3
B0B6F8HHR6,SmartTelevisions,MI 108 cm (43 inches),24999,campaign,17499.3
B084MZXJN6,USBCables,Belkin Apple Certified Lightning to,999,campaign,699.3
B08XMG618K,USBCables,Time Office Scanner Replacement Cable,225,campaign,157.5
B0BCKWZ884,RemoteControls,Caldipree Silicone Case Cover Compatible,547,campaign,382.9
B00GGGOYEK,USBCables,Storite USB 2.0 A to,259,campaign,181.3
B07ZR4S1G4,RemoteControls,Universal Remote Control for All,239,campaign,167.29999999999998
B09C635BMM,RemoteControls,Cotbolt Silicone Case Cover Compatible,349,campaign,244.3
B00GG59HU2,HDMICables,BlueRigger High Speed HDMI Cable,467,campaign,326.9
B00RGLI0ZS,USBCables,Amkette 30 Pin to USB,449,campaign,314.29999999999995
B09ZPJT8B2,SmartTelevisions,TCL 80 cm (32 inches),11990,campaign,8393.0
B07HZ2QCGR,USBCables,POPIO Type C Dash Charging,350,campaign,245.0
B095244Q22,USBCables,MYVN LTG to USB for,252,campaign,176.39999999999998
B08CKW1KH9,RemoteControls,Tata Sky Universal Remote Compatible,204,campaign,142.79999999999998
B0BLV1GNLN,Projectors,WZATCO Pixel,6490,campaign,4543.0
B08RHPDNVV,RemoteControls,7SEVEN® Compatible Tata Sky Remote,235,campaign,164.5
B00NH13Q8W,USBCables,AmazonBasics USB 2.0 Extension Cable,299,campaign,209.3
B0B8SSZ76F,USBCables,Amazon Basics USB C to,799,campaign,559.3
B0841KQR1Z,RemoteControls,Crypo™ Universal Remote Compatible with,299,campaign,209.3
B0B467CCB9,StandardTelevisions,Karbonn 80 cm (32 Inches),6999,campaign,4899.299999999999
B095JQVC7N,SmartTelevisions,OnePlus 138.7 cm (55 inches),42999,campaign,30099.3
B08PPHFXG3,HDMICables,Posh 1.5 Meter High Speed,173,campaign,121.1
B06XR9PR5X,Adapters,"Amazon Basics HDMI Coupler,Black",209,campaign,146.29999999999998
B09JSW16QD,USBCables,boAt LTG 550v3 Lightning Apple,84899,campaign,594.293
B07JH1CBGW,USBCables,Wayona Nylon Braided Usb Syncing,649,campaign,454.3
B09127FZCK,RemoteControls,Astigo Compatible Remote for Airtel,299,campaign,209.3
B083GQGT3Z,TVWall&CeilingMounts,Caprigo Heavy Duty TV Wall,399,campaign,279.29999999999995
B09Q8WQ5QJ,USBCables,Portronics Konnect L 60W PD,249,campaign,174.29999999999998
B07YZG8PPY,SatelliteReceivers,TATA SKY HD Connection with,1249,campaign,874.3
B09H39KTTB,RemoteControls,Remote Compatible for Samsung LED/LCD,213,campaign,149.1
B08DCVRW98,RemoteControls,SoniVision SA-D10 SA-D100 SA-D40 Home,209,campaign,146.29999999999998
B0718ZN31Q,HDMICables,Rts™ High Speed 3D Full,598,campaign,418.6
B0162LYSFS,USBCables,boAt LTG 500 Apple MFI,799,campaign,559.3
B07PFJ5VQD,USBCables,Agaro Blaze USBA to micro,159,campaign,111.3
B01J8S6X2I,DVICables,AmazonBasics 6 Feet DisplayPort to,499,campaign,349.29999999999995
B09MJ77786,SmartTelevisions,MI 108 cm (43 inches),31999,campaign,22399.3
B09NNGHG22,SmartTelevisions,Sansui 140cm (55 inches) 4K,32990,campaign,23093.0
B07V5YF4ND,RemoteControls,LOHAYA LCD/LED Remote Compatible for,299,campaign,209.3
B0B65P827P,USBCables,Zebronics CU3100V Fast charging Type,12831,campaign,89.817
B084MZYBTV,USBCables,Belkin USB C to USB-C,599,campaign,419.3
B097ZQTDVZ,RemoteControls,7SEVEN® TCL Remote Control Smart,399,campaign,279.29999999999995
B0B5F3YZY4,USBCables,Wayona 3in1 Nylon Braided 66W,449,campaign,314.29999999999995
B09G5TSGXV,USBCables,"Hi-Mobiler iPhone Charger Lightning Cable,2",254,campaign,177.79999999999998
B006LW0WDQ,SpeakerCables,Amazon Basics 16-Gauge Speaker Wire,399,campaign,279.29999999999995
B09YLX91QR,USBCables,Ambrane 60W / 3A Fast,179,campaign,125.3
B081FJWN52,USBCables,Wayona Usb Type C To,339,campaign,237.3
B0758F7KK7,TVWall&CeilingMounts,Caprigo Heavy Duty TV Wall,399,campaign,279.29999999999995
B09L835C3V,RemoteControls,Smashtronics® - Case for Firetv,199,campaign,139.29999999999998
B098TV3L96,RemoteControls,Electvision Remote Control for led,349,campaign,244.3
B08NCKT9FG,USBCables,Boat A 350 Type C,299,campaign,209.3
B0B4T6MR8N,USBCables,pTron Solero M241 2.4A Micro,89,campaign,62.3
B01GGKZ4NU,USBCables,AmazonBasics USB Type-C to USB,549,campaign,384.3
B09BW2GP18,USBCables,Croma 3A Fast charge 1m,129,campaign,90.3
B09WN3SRC7,SmartTelevisions,Sony Bravia 164 cm (65,77990,campaign,54593.0
B09B125CFJ,RemoteControls,7SEVEN® Compatible for Mi tv,349,campaign,244.3
B09RQRZW2X,RemoteControls,7SEVEN® Compatible Vu Smart Tv,499,campaign,349.29999999999995
B07924P3C5,USBCables,Storite High Speed Micro USB,299,campaign,209.3
B08N1WL9XW,USBCables,FLiX (Beetel) 3in1 (Type C,182,campaign,127.4
B07VVXJ2P5,TVWall&CeilingMounts,SVM Products Unbreakable Set Top,96,campaign,67.19999999999999
B0BC8BQ432,SmartTelevisions,VU 164 cm (65 inches),54990,campaign,38493.0
B06XFTHCNY,RCACables,CableCreation RCA to 3.5mm Male,439,campaign,307.29999999999995
B08CT62BM1,USBCables,Wayona USB Type C Fast,299,campaign,209.3
B07CRL2GY6,USBCables,boAt Rugged V3 Braided Micro,299,campaign,209.3
B07DWFX9YS,USBCables,Amazon Basics USB A to,789,campaign,552.3
B01D5H90L4,HDMICables,AmazonBasics - High-Speed Male to,299,campaign,209.3
B07F1P8KNV,USBCables,Wayona Nylon Braided Usb Type,325,campaign,227.5
B084N1BM9L,USBCables,Belkin Apple Certified Lightning to,1299,campaign,909.3
B09F6D21BY,RemoteControls,7SEVEN Compatible LG TV Remote,790,campaign,553.0
B09LQQYNZQ,StreamingClients,Realme Smart TV Stick 4K,4699,campaign,3289.3
B0BC9BW512,SmartTelevisions,Acer 100 cm (40 inches),18999,campaign,13299.3
B0B61HYR92,USBCables,"Lapster usb 2.0 mantra cable,",199,campaign,139.29999999999998
B075ZTJ9XR,HDMICables,AmazonBasics High-Speed Braided HDMI Cable,269,campaign,188.3
B0978V2CP6,AVReceivers&Amplifiers,Cubetek 3 in 1 LCD,1990,campaign,1393.0
B09LRZYBH1,TowerSpeakers,"KRISONS Thunder Speaker, Multimedia Home",2299,campaign,1609.3
B0B997FBZT,SmartTelevisions,Acer 139 cm (55 inches),35999,campaign,25199.3
B098LCVYPW,RemoteControls,Dealfreez Case Compatible for Fire,349,campaign,244.3
B09HV71RL1,USBCables,Wayona Type C to Lightning,719,campaign,503.3
B08PZ6HZLT,SmartTelevisions,VW 80 cm (32 inches),8999,campaign,6299.299999999999
B075TJHWVC,SatelliteReceivers,Airtel Digital TV HD Set,917,campaign,641.9
B09LV13JFB,RemoteControls,LOHAYA Voice Assistant Remote Compatible,399,campaign,279.29999999999995
B092BL5DCX,SmartTelevisions,Samsung 138 cm (55 inches),45999,campaign,32199.3
B09VH568H7,USBCables,Amazon Brand - Solimo 3A,119,campaign,83.3
B09HQSV46W,SmartTelevisions,Mi 100 cm (40 inches),21999,campaign,15399.3
B08TZD7FQN,RemoteControls,Astigo Compatible Remote Control for,299,campaign,209.3
B0B21XL94T,SmartTelevisions,Toshiba 108 cm (43 inches),21990,campaign,15392.999999999998
B09PTT8DZF,USBCables,Lenovo USB A to Type-C,41744,campaign,292.208
B0B94JPY2N,USBCables,Amazon Brand - Solimo 65W,199,campaign,139.29999999999998
B0B3XXSB1K,SmartTelevisions,LG 139 cm (55 inches),47990,campaign,33593.0
B08RZ12GKR,RemoteControls,Tata Sky Digital TV HD,215,campaign,150.5
B0B4T8RSJ1,USBCables,pTron Solero T241 2.4A Type-C,99,campaign,69.3
B0B7B9V9QP,SmartTelevisions,VU 108 cm (43 inches),18999,campaign,13299.3
B08XXVXP3J,USBCables,Storite Super Speed USB 3.0,249,campaign,174.29999999999998
B06XGWRKYT,StandardTelevisions,Kodak 80 cm (32 Inches),7999,campaign,5599.299999999999
B07CWDX49D,USBCables,AmazonBasics Double Braided Nylon USB,649,campaign,454.3
B09TY4MSH3,RemoteControls,Firestick Remote,1289,campaign,902.3
B07RY2X9MP,HDMICables,AmazonBasics 10.2 Gbps High-Speed 4K,609,campaign,426.3
B0B2C5MJN6,SmartTelevisions,Hisense 126 cm (50 inches),32990,campaign,23093.0
B0BBMGLQDW,HDMICables,Tuarso 8K HDMI 2.1 Cable,599,campaign,419.3
B01LONQBDG,USBCables,AmazonBasics USB Type-C to Micro-B,349,campaign,244.3
B08XXF5V6G,SmartTelevisions,Kodak 139 cm (55 inches),29999,campaign,20999.3
B09HK9JH4F,RemoteControls,Smashtronics® - Case for Firetv,199,campaign,139.29999999999998
B09MMD1FDN,RemoteControls,7SEVEN® Suitable Sony Tv Remote,349,campaign,244.3
B09HN7LD5L,TVWall&CeilingMounts,PROLEGEND® PL-T002 Universal TV Stand,1850,campaign,1295.0
B0BNDD9TN6,Projectors,WANBO X1 Pro (Upgraded),13990,campaign,9793.0
